{"W1": [[-4.946470625267242, -4.8044409127577135, 7.256188282330179], [-6.56511736405778, -6.640219323453867, 2.7170349743432545]], "W2": [[10.141847674732922, -10.408690482573586, -4.780410469083553]]}